Count of Papers Using,Paper ID(s) Using Dataset,Dataset,# of Citations (Google Scholar),Pay to Access?,Music/Speech/Sounds,Link,Paper Link,Year,Notable Author,Did they release it,Original Purpose of Dataset,Goal to Address Language Scarcity,Dataset Short Category,Size (Hours),Collection Method,Contents (Descriptive),Genre,Language,"Created, Scraped, Augmented, Marketplace",Likely Potential for Copyright Infringment,Original Creator of Content,"Source Dataset
Is this dataset a direct derivative of an existing dataset? If yes, which?","Source (non-dataset):
If not from existing datasets, but from a source, which source?"
1,584,1st48-UTD Forensic Corpus,16,N/A,Speech,N/A,https://arxiv.org/pdf/2009.09556,2020,N/A,No,Speaker Verification,No,TV show,3.5,"Scraped from TV show First 48, ""real investigation audio""","49 episodes, 300 speakers, 3.5 hrs of ""actual situational crime audio""",N/A,English,SCRAPED,TRUE,FALSE,,TV show
1,81,ACM-Mirum,49,No,Music,http://recherche.ircam.fr/anasyn/peeters/pub/2012_ACMMIRUM/,https://dl.acm.org/doi/10.1145/2390848.2390861,2012,N/A,Yes,tempo estimation and key classification,No,7digital.com,23.5,30s excerpts by song ID from 7Digital,provided digital IDs for 30-second excerpts in the 7Digital collection,"Popular music (mainly pop, country, rock)",English,SCRAPED,TRUE,FALSE,N/A,7digital.com
3,564;469;159,AIShell-3,n/a,No,Speech,https://www.openslr.org/93/,https://arxiv.org/abs/2010.11567,2020,N/A,Yes,text-to-speech,,"created, recordings, synthesized",85,218 native speakers read text,85hrs of read text,N/A,Mandarin,CREATED,FALSE,TRUE,,
2,421;641,AMI,571,No,Speech,https://groups.inf.ed.ac.uk/ami/corpus/,https://liacs.leidenuniv.nl/~kraaijw/papers/mccowan-ami-mb2005.pdf,2006,N/A,Yes,remote meeting helper tools,No,"created, recordings",100,Meeting recordings,materials from 100 hours of meetings (including transcripts),N/A,English,CREATED,FALSE,FALSE,,
5,431;435;442;577;466,ASVspoof 2019,601,No,Speech,https://www.asvspoof.org/index2019.html,https://arxiv.org/pdf/1904.05441,2019,N/A,Yes,deepfake detection,No,"VCTK, subset",,VCTK base corpus (re-recorded in some cases),data from 78 speakers,N/A,English,AUGMENTED,FALSE,FALSE,VCTK,
2,431;577,ASVspoof 2021,246,No,Speech,https://zenodo.org/records/4837263,https://arxiv.org/pdf/2109.00537,2021,N/A,Yes,deepfake detection,No,"VCTK, subset",,VCTK base corpus (re-recorded in some cases) + extra,data from 78 speakers,N/A,English,AUGMENTED,FALSE,FALSE,VCTK,
1,13,Audio Dialogues,1,No,Music; Sounds,https://audiodialogues.github.io/,https://arxiv.org/pdf/2404.07616,2024,NVIDIA,Released code to generate it,Dataset generation,No,cross-collection; AudioSet + MusicCaps,?,Text prompts to generate it,163.8k samples for general audio sounds and music.,N/A,English,AUGMENTED,TRUE,FALSE,"AudioSet, MusicCaps",
1,12,audio-alpaca,0,No,Sounds,https://huggingface.co/datasets/declare-lab/audio-alpaca,https://arxiv.org/pdf/2404.09956,2024,N/A,Yes,Proof of concept text-to-audio generation,No,"created, recordings, synthesized, vague",83.4722222,Synthetically created from text-to-audio prompts,"15,025 audio + text pairs",N/A,English,CREATED,FALSE,TRUE,,
9,413;86;95; 61; 142;159; 169; 174; 175,AudioCaps,348,No,Speech; Sounds,https://audiocaps.github.io/,https://aclanthology.org/N19-1011/,2019,N/A,Yes,audio captioning,No,AudioSet; subset --> turned to captions,108.6,AudioSet subset,46K audio clips; 108.6 hrs,N/A,English,AUGMENTED,TRUE,FALSE,AudioSet,
1,61,AudioGrounding,18,No,Sounds,https://github.com/wsntxxn/TextToAudioGrounding,https://arxiv.org/abs/2102.11474,2021,N/A,Yes,automated audio captioning,No,AudioSet; subset --> turned to captions,6.6,Subset of AudioSet,4994 audio files,N/A,English,AUGMENTED,TRUE,FALSE,AudioSet,
13,1;3;447;457;86; 61; 71;366;159; 169; 639; 175; 564,AudioSet,3204,No,Sounds,https://research.google.com/audioset/,https://ieeexplore.ieee.org/document/7952261,2017,Google,Yes,Audio event detection,No,Youtube,5789.777778,"YouTube clips annotated, but Google, so","2,084,320 human-labeled 10-second sound clips drawn from YouTube videos",N/A,English,CREATED,TRUE,FALSE,,Youtube
1,11,AudioSparx,N/A,Yes,Music; Sounds,https://www.audiosparx.com/sa/faq.cfm,N/A,N/A,N/A,Yes,Ausic library and stock audio web site -- make $,No,marketplace; AudioSparx.com,20000,Online marketplace,"1,146,000 tracks (20,000+ hours)",Multi,N/A,MARKETPLACE,FALSE,TRUE,,AudioSparx.com
1,6,Audiostock,N/A,Yes,Music,https://audiostock.net/,N/A,N/A,N/A,Yes,Royalty Free Music,No,marketplace; Audiostock.com,N/A,Created a marketplace to buy and sell royalty free music,"10,000 tracks",N/A,N/A,MARKETPLACE,FALSE,TRUE,,Audiostock.com
1,413,Auto-ACD,2,No,Music; Speech; Sounds,https://auto-acd.github.io/,https://arxiv.org/abs/2309.11500,2023,N/A,Yes,audio-language representation learning,No,cross-collection; AudioSet + VGGSound,5277.777778,AudioSet and VGGSound,1.9M audio-language pairs,N/A,English,AUGMENTED,TRUE,FALSE,"AudioSet, VGGSound",
1,61,AVQA,33,No,Speech,https://mn.cs.tsinghua.edu.cn/avqa,https://dl.acm.org/doi/10.1145/3503161.3548291,2022,N/A,Yes,Audio-visual question answering,No,"VGGSound, subset",158.375,Subset of VGG-Sound,57015 videos of audio-visual activities,N/A,English,AUGMENTED,TRUE,FALSE,VGGSound,
1,457,AVS Benchmark Dataset,0,No,Sounds,https://github.com/amazon-science/avgen-eval-toolkit/tree/main,https://arxiv.org/abs/2404.07336,2024,AWS,Unclear,audio-visual synchrony (AVS) estimation,No,"AudioSet, subset",50.5,Leveraged videos from AudioSet and distorted them,18.2K distorted videos,N/A,English,AUGMENTED,TRUE,FALSE,AudioSet,
2,401; 160,AVSpeech,844,No,Speech,https://looking-to-listen.github.io/,https://arxiv.org/abs/1804.03619,2018,Google,Yes,Sound separation,No,Youtube; TED Talks,4700,"Videos extracted from YouTube lectures (TED, how-to) (290,000 vids)",4700 hours from 150k speakers,N/A,English,SCRAPED,TRUE,FALSE,,Youtube
1,47,Bach10,217,No,Music,https://theremin.music.uiowa.edu/,https://ieeexplore.ieee.org/stamp/stamp.jsp?tp=&arnumber=5404324,2010,Bryan,Yes,Music research,No,"created, recordings",0.1,Recorded in a studio,508 note samples from 16 instruments - monophonic note recordings,Instrumental,N/A,CREATED,FALSE,TRUE,,
2,401;581,BBC Lip Reading Datasets,1290,No,Speech,https://www.robots.ox.ac.uk/~vgg/data/lip_reading/index.html#about,https://arxiv.org/abs/1809.00496,2016,N/A,Yes,Audio-visual speech recognition,No,"Youtube; TV Broadcasts, TED talks",800,"TED Talks, BBC videos;","6M+ word instances, 800+ hours, 5,000+ identities",N/A,English,SCRAPED,TRUE,FALSE,,"Youtube,BBC, Ted.com"
1,146,Beatles,124,No,Music,http://isophonics.net/content/reference-annotations-beatles,https://ismir2009.ismir.net/proceedings/LBD-18.pdf,2009,N/A,Yes,music annotation,No,annotations,8,Not specified,179 songs,Rock,English,CREATED,FALSE,TRUE,,
1,146,Billboard,222,No,Music,http://billboard.music.mcgill.ca/,https://ismir2011.ismir.net/papers/OS8-1.pdf,2011,N/A,Yes,automatic chord recognition,No,billboard.com,68.25,Transcribed songs from the billboard top 100 lists,1365 songs,Many,Not specified,SCRAPED,TRUE,FALSE,N/A,billboard.com
1,576,Blizzard Challenge 2013,N/A,No,Speech,Broken Link,https://www.semanticscholar.org/paper/The-Blizzard-Challenge-2013-King-Karaiskos/b6918e6d3c974aeb1e6be9b5a909da33cf912683,2013,N/A,Yes,text-to-speech,No,public domain; readings of novels,300,Single speaker audio with different naturalness,300 hours of audio books from single speaker,N/A,English,SCRAPED,FALSE,FALSE,,
1,441,CallHome Mandarin Chinese,28,Yes,Speech,https://catalog.ldc.upenn.edu/LDC96S34,N/A,1996,N/A,Yes,ASR/transcription,No,"created, recordings",20,transcribed telephone calls,120 conversations of calls that lasted up to 30 mins,N/A,Mandarin,CREATED,FALSE,TRUE,,
1,428,CHiME-3,742,Yes,Speech,https://catalog.ldc.upenn.edu/LDC2017S24,https://inria.hal.science/hal-01211376/document,2015,N/A,Yes,ASR,No,"created, public area recordings",342,recordings of people talking to a tablet in various environments,"""342 hours of English speech and transcripts from noisy environments and 50 hours of noisy environment audio""",N/A,English,CREATED,FALSE,TRUE,,
6,413; 142; 169; 639; 175; 61,Clotho,327,No,Sounds,https://zenodo.org/records/3490684,https://ieeexplore.ieee.org/document/9052990,2020,N/A,Yes,audio captioning,No,Freesound.org,40,Freesound,"4981 audio samples; 24,905 captions",N/A,N/A,SCRAPED,FALSE,FALSE,,Freesound.org
1,61,Clotho-AQA,22,No,Speech,https://zenodo.org/records/6473207,https://arxiv.org/abs/2204.09634,2022,N/A,Yes,Audio question answering,No,Clotho,16,Crowdsourced recordings,1991 audio files each between 15 to 30 seconds duration,N/A,English,AUGMENTED,FALSE,FALSE,Clotho,
2,1;564,CML-TTS,1,No,Speech,https://www.openslr.org/146/,Many,2017,N/A,Yes,Multi-speaker TTS,Yes,readings LibriVox2 (from project gutenberg),"3,176.13",Collected from a group of volunteers in each low-resource language,"multi-lingual speech dataset with 186,514 short audio clips.",N/A,"Dutch, German, French, Italian, Polish, Portuguese, Spanish",CREATED,FALSE,TRUE,,LibriVox.com; gutenberg.org
1,472,CMU Arctic,781,No,Speech,http://www.festvox.org/cmu_arctic/,https://www.cs.cmu.edu/~awb/papers/ssw5/arctic.pdf ,2004,CMU,Yes,Speech Synthesis,No,readings from Project Gutenberg (website),1.67,1200 utterances from out-of-copyright books,3 speakers,N/A,English,CREATED,FALSE,TRUE,,gutenberg.org
2,440; 175,CMU-MOSEI,996,No,Speech,http://multicomp.cs.cmu.edu/resources/cmu-mosei-dataset/,https://aclanthology.org/P18-1208.pdf,2017,N/A,Yes,multimodal sentiment analysis,No,Youtube,65,videos with sentiment and emotion annotations,65 hrs of videos with sentiment and emotion annotations,N/A,English,SCRAPED,TRUE,FALSE,,Youtube
2,440; 175,CMU-MOSI,485,No,Speech,http://multicomp.cs.cmu.edu/resources/cmu-mosi-dataset/,http://multicomp.cs.cmu.edu/wp-content/uploads/2017/09/2016_IS_Zadeh_Multimodal.pdf,2016,N/A,Yes,multimodal sentiment analysis,No,Youtube,2.5,videos with sentiment annotations,2.5 hrs of videos with sentiment annotations,N/A,English,SCRAPED,TRUE,FALSE,,Youtube
2,61; 175,CochlScene,5,No,Sounds,https://zenodo.org/records/7080122,https://arxiv.org/abs/2211.02289,2022,N/A,Yes,Acoustic scene classification,No,crowdsourced; content,211.430556,Crowdsourced recordings,"76,115 single-channel audio files 10sec each",N/A,N/A,CREATED,FALSE,TRUE,,
1,2,CocoChorales,7,No,Music,https://magenta.tensorflow.org/ceg-and-cocochorales,https://arxiv.org/abs/2209.14458,2022,Ethan; Google,Yes,MIR,No,"created, synthesized; Chorales + Coconet + MIDI-DDSP",1411,Synthesized from Coconet trained on Chorales and MIDI-DDSP trained on URSP,"240,000 tracks; 1411 hours",Chorale,N/A,CREATED,FALSE,FALSE,,
10,53;54;61;551;443;95;442;456;564;142,CommonVoice,1272,No,Speech,https://commonvoice.mozilla.org/en/datasets; https://huggingface.co/datasets/common_voice,https://arxiv.org/abs/1912.06670,2019,N/A,Yes,speech technology research and development; speech recognition,No,crowdsourced; content,31176,Corwodsourced data collection and validation,"31176 recorded, 20409 validated hours, 124 languages; 92325 voices approx TOTAL",N/A,60,CREATED,FALSE,TRUE,,
1,7,ComMU,7,No,Music,https://paperswithcode.com/dataset/commu,https://arxiv.org/abs/2211.09385,2022,N/A,Yes,Music generation,No,"created, recordings, synthesized",30,Professional composers made MIDI samples,"11,144 MIDI samples",MIDI,N/A,CREATED,FALSE,TRUE,,
3,443; 61; 142,CoVoST 2,155,No,Speech,https://github.com/facebookresearch/covost,https://arxiv.org/pdf/2007.10310,2020,Meta,Yes,multilingual speech-to-text translation,Yes,CommonVoice,2880,translations of languages in Common Voice project,"2,880 hours of speech; English to 15 languages; 21 languages to English",N/A,"Arabic, Catalan, Welsh, German, Estonian, Persian, Indonesian, Japanese, Latvian, Mongolian, Slovenian, Swedish, Tamil, Turkish, Chinese,Spanish, French, Italian, Dutch, Portuguese, Russian",AUGMENTED,FALSE,FALSE,CommonVoice,
1,366,CREMA-D,625,No,Sounds,https://www.kaggle.com/datasets/ejlok1/cremad,https://www.ncbi.nlm.nih.gov/pmc/articles/PMC4313618/,2014,N/A,Yes,Emotion detection models,No,"created, recordings",4.13,Recorded hired actors expressing emotions,"7,442 clips from 91 actors and actresses, with diverse age and ethnicity, expressing six of the seven “universal emotions” [30]: happy, sad, anger, fear, disgust, and neutral",N/A,N/A,CREATED,FALSE,TRUE,,
2,415;564,CSD,30,No,Music,https://zenodo.org/records/4916302#.YYjVMb0QvUI,https://program.ismir2020.net/static/lbd/ISMIR2020-LBD-435-abstract.pdf,2020,N/A,Yes,singing voice synthesis,No,"created, recordings",150,"""vocal recordings of 100 children’s songs in Korean or English""",100 English or Korean songs (50 of each),N/A,"English, Korean",CREATED,TRUE,TRUE,,
1,428,CSJ,502,Yes,Speech,https://clrd.ninjal.ac.jp/csj/en/,http://www.lrec-conf.org/proceedings/lrec2000/pdf/262.pdf,2000,N/A,Yes,speech recognition,No,"created, recordings",100,academic presentations and simulated public speeches,~100 hrs,N/A,Japanese,CREATED,FALSE,TRUE,,
1,109,DALI,102,No,Music,https://github.com/gabolsgabs/DALI,https://arxiv.org/abs/1906.10606,2018,N/A,Yes,singing voice detection,No,WASABI,4.465,audio tracks + time aligned notes and lyrics,5358 audio tracks with their time-aligned vocal melody notes and lyrics,Diverse (mostly Pop/Rock),Mainly English,SCRAPED,TRUE,FALSE,WASABI,
1,160,DAPS,84,No,Speech,https://ccrma.stanford.edu/~gautham/Site/daps.html,https://ccrma.stanford.edu/~gautham/Site/daps_files/mysore-spl2015.pdf,2024,Microsoft,Yes,Speech enhancement,No,"created, recordings",4.5,Device recordings and speech,Unclear,N/A,N/A,CREATED,FALSE,TRUE,,
2,428; 160,DEMAND,564,No,Sounds,https://zenodo.org/records/1227121,https://inria.hal.science/hal-00796707/document,2013,N/A,Yes,source separation; background/noise reduction,No,"created, recordings",1.25,sounds of various settings,300-second recordings in 6 settings,N/A,N/A,CREATED,FALSE,TRUE,,
3,54;465; 564,DNS Challenge,160,No,Speech,https://github.com/microsoft/DNS-Challenge,https://arxiv.org/pdf/2202.13288,2022,Microsoft,Yes,Speech challenge competition,No,"cross-collection (VCTK, VocalSet, LibriVox,VoxCeleb, CREMA, edinburgh 56 speaker, freesound, AudioSet, PTDB-TUG:DEMAND)",9.5,Speech snippets of various varieities for research challenges,Short snippets of speech audio in many languages,N/A,Many,AUGMENTED,FALSE,FALSE,"VCTK, VocalSet, VoxCeleb, CREMA, AudioSet, PTDB-TUG, Demand","LibriVox.com, freesound.org"
1,419,ECF,26,No,Speech,https://github.com/NUSTM/MECPE?tab=readme-ov-file,https://ieeexplore.ieee.org/document/9969873,2023,N/A,Yes,emotion-cause pair extraction,No,"MELD, subset (TV show)",28.37291667,"MELD, from TV Show Friends","""1,374 conversations and 13,619 utterances, where 9,794 emotion-cause pairs are annotated, covering three modalities""",sitcom?,English,AUGMENTED,TRUE,FALSE,MELD,
1,160,EGFxSet,3,No,Music,https://zenodo.org/records/7044411,https://ismir2022program.ismir.net/lbd_367.html,2022,N/A,Yes,Guitar tones generation,No,"created, recordings",12.5,Recorded by authors,"8970 unique, annotated guitar tones",Electric Guitar,N/A,CREATED,FALSE,TRUE,,
2,141;152,EMOPIA,77,No,Music,https://github.com/annahung31/EMOPIA,https://arxiv.org/pdf/2108.01374,2021,N/A,Yes,emotion recognition and music generation,No,Youtube,10,"Youtube, 30s clips",1087 music clips,Many,Not specified,SCRAPED,TRUE,FALSE,,Youtube
2,447;458,EmoV,73,No,Speech,https://github.com/numediart/EmoV-DB,https://arxiv.org/pdf/1806.09514,2018,N/A,Yes,emotion control in voice generation,No,created; synthesized; CMU-Arctic + SIWIS,18,recordings of sentences found in other databases (CMU Arctic and SIWIS),hundreds of recordings of each emotion,N/A,English; French,CREATED,FALSE,FALSE,"CMU Arctic, SIWIS",
2,65; 160,ENST-Drums,134,No,Music,https://perso.telecom-paristech.fr/grichard/ENST-drums/,https://archives.ismir.net/ismir2006/paper/000027.pdf,2006,N/A,Yes,MIR,No,"created, recordings",3.75,Recorded 3 professional drummers,3.75 hours of drumming,Drumming,N/A,CREATED,FALSE,TRUE,,
1,175,EpicKitchen,384,No,Sounds,https://epic-kitchens.github.io/2024,https://arxiv.org/abs/2006.13256,2020,N/A,Yes,action recognition,No,crowdsourced; content,100,"first-person (egocentric) vision; multi-faceted, audio-visual, non-scripted recordings in native environments, audio narrations","100 hours of recording, ongoing effort",N/A,N/A,CREATED,FALSE,TRUE,,
4,413;366; 639;564,ESC-50,1532,No,Sounds,https://github.com/karolpiczak/ESC-50,https://dl.acm.org/doi/10.1145/2733373.2806390,2015,N/A,Yes,sound classification,No,Freesound.org,2.77,Freesound,"2000 labeled clips, 250,000 unlabeled clips, 5s each",N/A,N/A,SCRAPED,FALSE,FALSE,,Freesound.org
2,411;576,ESD,163,No,Speech,https://hltsingapore.github.io/ESD/,https://ieeexplore.ieee.org/document/9413391,2021,N/A,Yes,"""multi-speaker and cross-lingual emotional voice conversion studies""",No,"created, recordings",29,Utterances from native English and Mandarin speakers,350 parallel utterances,N/A,"English, Mandarin",CREATED,FALSE,TRUE,,
3,447;95;564,Expresso,15,No,Speech,https://speechbot.github.io/expresso/,https://arxiv.org/pdf/2308.05725,2023,Meta,Yes,expressive speech (generation),No,read from Wikipedia,45.9,expressing reading and improvised dialogs from actors,45.9 hrs,N/A,English,CREATED,FALSE,TRUE,,Wikpedia.com
2,459;641,Fisher,662,No,Speech,https://catalog.ldc.upenn.edu/LDC2004T19,https://aclanthology.org/L04-1500/,2003,N/A,Yes,ASR,No,"created, recordings, telephone",2000,recordings from telephone conversations,~2000 hrs of speech,N/A,English,CREATED,FALSE,TRUE,,
1,443,FLEURS,118,No,Speech,https://www.tensorflow.org/datasets/catalog/xtreme_s,https://arxiv.org/pdf/2205.12446,2022,N/A,Yes,speech recognition and translation,No,read from Wikipedia,1400,recordings of translations of English sentences from Wikipedia,102 languages; 1.4k hrs,Wikipedia content,Multilingual; 102,CREATED,FALSE,TRUE,,Wikpedia.com
2,435;61,FoR,82,No,Speech,https://bil.eecs.yorku.ca/datasets/,https://bil.eecs.yorku.ca/wp-content/uploads/2020/01/FoR-Dataset_RR_VT_final.pdf,2019,N/A,Yes,deepfake detection,No,cross-collection; Youtube + Arctic + LJSpeech + VoxForge,202,synthetic speech and real speech from datasets (like from LJSpeech),>87K synthetic and >111K real utterances,N/A,English,SCRAPED,TRUE,FALSE,Arctic; LJSpeech; VoxForge,Youtube
1,112,Fraxil,59,No,Music,https://github.com/chrisdonahue/ddc,https://arxiv.org/pdf/1703.06891v3,2017,Donahue,Yes,audio to dance choreography,No,StepMania.com,18,collection of recordings and step charts,"90 songs choreographed by a single author Fraxtil,",Electronic,N/A,SCRAPED,FALSE,FALSE,,stepmania.com
12,21;86;90;58;61;127;130;142;150; 153; 639; 175,Free Music Archive,454,No,Music,https://freemusicarchive.org/,https://arxiv.org/abs/1612.01840,N/A,N/A,Yes,Royalty Free Music,No,crowdsourced; annotations,5920.7778,Created a platform to host royalty free music,"106,574 recordings by 16.341 artists",N/A,N/A,CREATED,FALSE,TRUE,,freemusicarchive.org
4,169; 639; 175;564,FSD50K,379,No,Sounds,https://zenodo.org/records/4060432,https://dl.acm.org/doi/10.1109/TASLP.2021.3133208,2020,N/A,Yes,Sound evenet recognition,No,cross-collection; Freesound.org + AudioSet,142.213,Used Freesound to get a bunch of data and then labelled them with AudioSet,"51,197 Freesound clips unequally distributed in 200 classes drawn from the AudioSet",N/A,N/A,SCRAPED,TRUE,FALSE,,
1,160,FUSS,86,No,Sounds,https://zenodo.org/records/4012661,https://arxiv.org/abs/2011.00803,2020,"Google Adobe, Prem",Yes,Free Universal Sound Separation,No,"FSD50k, subset",3,"Subset of FSD50K, then created mixtures","3 hours of single-source audio data drawn from 357 classes,",N/A,N/A,AUGMENTED,FALSE,FALSE,FSD50k,
1,152,Giantmidi,79,No,Music,https://github.com/bytedance/GiantMIDI-Piano,https://transactions.ismir.net/articles/10.5334/tismir.80,2022,Bytedance,Yes,Large-scale symbolic datasets for classical piano,No,Youtube,"1,237",Scraped youtube for piano solos then transcribed to MIDI format,"38,700,838 transcribed notes and 10,855 unique solo piano works composed by 2,786 composers",Classical,N/A,SCRAPED,TRUE,FALSE,,Youtube
1,81,Giantsteps,86,No,Music,https://github.com/GiantSteps/giantsteps-key-dataset,https://archives.ismir.net/ismir2015/paper/000246.pdf,2015,N/A,Yes,tempo estimation and key classification,No,beatport.com,20.1,2min music tracks + key/tempo annotations,collection of annotations for 604 2min(1) audio previews from www.beatport.com,EDM,English,SCRAPED,TRUE,FALSE,N/A,beatport.com
6,1;451;86;27; 53; 142,GigaSpeech,202,No,Speech,https://github.com/SpeechColab/GigaSpeech,https://arxiv.org/abs/2106.06909,2021,N/A,Yes,English speech recognition,No,"Youtube, Podcasts",10000,"collected from audiobooks, podcasts and YouTube","10,000 hours of transcribed audio",N/A,English,SCRAPED,TRUE,FALSE,,Youtube
5,81;122;58;150;639,GTZAN,4345,No,Music,https://www.tensorflow.org/datasets/catalog/gtzan,https://ieeexplore.ieee.org/document/1021072,2001,N/A,Yes,genre classification,No,scraped,8.33333,1000 x 30s audio tracks,"The dataset consists of 1000 audio tracks each 30 seconds long. It contains 10 genres, each represented by 100 tracks. The tracks are all 22050Hz Mono 16-bit audio files in .wav format.","Diverse (western), balanced",English,SCRAPED,TRUE,FALSE,,
2,47; 73,GuitarSet,99,No,Music,https://github.com/marl/GuitarSet?tab=readme-ov-file,https://archives.ismir.net/ismir2018/paper/000188.pdf,2018,N/A,Yes,guitar computational research,No,"created, recordings",3,Recorded in a studio,3 hours; 360 short monophonic and polyphonic recordings of an acoustic guitar,Acoustic,N/A,CREATED,FALSE,TRUE,,
1,579,HDTF,209,No,Speech,https://github.com/MRzzm/HDTF,https://openaccess.thecvf.com/content/CVPR2021/papers/Zhang_Flow-Guided_One-Shot_Talking_Face_Generation_With_a_High-Resolution_Audio-Visual_Dataset_CVPR_2021_paper.pdf,2021,N/A,Yes,talking face generation,No,Youtube,15.8,Collection of celebrities/politicians,15..8 hrs of videos,N/A,English,SCRAPED,TRUE,FALSE,,Youtube
1,564,HiFi TTS,75,No,Speech,https://www.openslr.org/109/,https://arxiv.org/abs/2104.01497,2020,N/A,Yes,speech utterances,No,subset of Librispeech,291.6,291.6 hours of speech from 10 speakers with at least 17 hours per speaker sampled at 44.1 kHz.,,N/A,English,AUGMENTED,FALSE,FALSE,Librispeech,
1,441,HKUST Mandarin Telephone,119,Yes,Speech,https://catalog.ldc.upenn.edu/LDC2005S15,N/A,2005,N/A,Yes,ASR/transcription,No,"created, recordings, telephone",149,transcribed telephone calls,~149 hrs of calls that lasted up to 10 mins,N/A,Mandarin,CREATED,FALSE,TRUE,,
1,421,HUB5,193,Yes,Speech,https://catalog.ldc.upenn.edu/LDC2002S09,https://d1wqtxts1xzle7.cloudfront.net/68118510/The_Sri_March_2000_Hub-5_Conversational_20210715-18185-eo0sva.pdf?1626370299=&response-content-disposition=inline%3B+filename%3DThe_SRI_March_2000_Hub_5_Conversational.pdf&Expires=1717518230&Signature=FLmFa7N0kRvieCCCxp5HK7l~siufxqjwsnIPoOZ9wWv3TV6Y2gQzD54zmLfG1zG3ICIw5CQjXeCfLo6gy1eF6jTQqtZCJD7Sut1ZhDml4GV3wDB1abe0y8JLcfwywns-UN-OeTW0f1pwkcStyW1YMowjTyCJYYEi83NGdSLjYHFH1KntRUCoh7C~i58zoHcH-RF7Wncv6XD7nYUEIzXHDr3F~g5W03y7tVRBVRqMKK01GkTr3RDyzlV2vcRjjEFRgW-XHMpk1WMeVcKrARRyyJdCzcyv6o3PVxnXd6fn2mZcVZoZtvkYYJPDqkuAZqCyvo0hdskSBC-ldmCZh~gnFw__&Key-Pair-Id=APKAJLOHF5GGSLRBV4ZA,2000,N/A,Yes,speech recognition,No,"cross-collection; switchboard, callhome",11,Recordings from other studies (Switchboard and CALLHOME),40 telephone conversations,N/A,English,AUGMENTED,FALSE,FALSE,"Switchboard, CALIHOME",
4,61; 142; 642; 175,IEMOCAP,3453,No,Speech,https://sail.usc.edu/iemocap/,https://link.springer.com/article/10.1007/s10579-008-9076-6,2008,N/A,Yes,emotional motion capture data,No,"created, recordings, synthesized",12,Hired actors to say emotional scripts and recorded it,12 hr of emotional speech and motion data,N/A,English,CREATED,FALSE,TRUE,,
1,577,In-the-Wild,71,No,Speech,https://deepfake-total.com/in_the_wild,https://arxiv.org/abs/2203.16263,2022,N/A,Yes,deepfake detection,No,vague (social networks and popular video sharing),20.8,Collection of 58 celebrities and politicians,"20.8 hours of real speech, 17.2 hrs of spoofed speech",N/A,English,SCRAPED,TRUE,FALSE,,
1,43,Irish Massive ABC Notation dataset,2,No,Music,https://huggingface.co/datasets/sander-wood/irishman,https://arxiv.org/abs/2301.02884,2023,N/A,Yes,Music generation with bar patching,No,public domain,7209.4,Scraped from public domain irish music,"216,284 Irish tunes in ABC notation",Irish Tunes,N/A,SCRAPED,FALSE,FALSE,,
1,112,ITG,59,No,Music,https://github.com/chrisdonahue/ddc,https://arxiv.org/pdf/1703.06891v3,2017,Donahue,Yes,audio to dance choreography,No,StepMania.com,23,collection of recordings and step charts,"133 songs with one chart per difficulty, except for 13 songs that lack charts for the highest difficulty",N/A,N/A,SCRAPED,FALSE,FALSE,,stepmania.com
1,160,Jingju Acapella Singing,10,No,Music,https://zenodo.org/records/344932,https://www.upf.edu/web/mdm-dtic/news/-/asset_publisher/Q8isUSRyuEXA/content/-audio-and-text-jingju-beijing-opera-phoneme-annotation,2017,N/A,Yes,Chinese a capella singing,No,"created, recordings",0.1,Recorded Beijing Opera singer,Small number of songs (estimated 50),A capella,Mandarin,CREATED,FALSE,TRUE,,
1,150,JS Fake Chorales,9,No,Music,https://github.com/omarperacha/js-fakes,https://arxiv.org/abs/2107.10388,2022,CMU,Yes,Music generation,No,created; synthesized,~33.5,Generated chorales from Bach ML model,"500 four-part polyphonic music, with 49 events in the chord part, including 12major chords, minor chords, augmented chords, diminished chords, and other chords.",Classical,N/A,CREATED,FALSE,FALSE,,
1,175,Kinectics700,153,No,Sounds,https://github.com/cvdfoundation/kinetics-dataset,https://arxiv.org/abs/2010.10864,2020,google,Yes,action recognition,No,corporate; unsure,1805,"URL links of up to 650,000 video clips, each 10seconds + annotations","1805 hours; URL links of up to 650,000 video clips that cover 400/600/700 human action classes, depending on the dataset version. The videos include human-object interactions such as playing instruments, as well as human-human interactions such as shaking hands and hugging. Each action class has at least 400/600/700 video clips",N/A,N/A,SCRAPED,TRUE,FALSE,,
1,70,KiSing,11,No,Music,http://shijt.site/index.php/2021/05/16/kising-the-first-open-source-mandarin-singing-voice-synthesis-corpus/,https://arxiv.org/pdf/2205.04029,2021,N/A,Yes,singing voice synthesis (SVS),No,"created, recordings, synthesized",1,Recorded and composed Mandarin songs,14 songs,Vocal singing,Mandarin,CREATED,FALSE,TRUE,,
7,29;2;103;30;42;44; 73,Lakh MIDI Dataset,317,No,Music,https://colinraffel.com/projects/lmd/,https://colinraffel.com/publications/thesis.pdf,2016,N/A,Yes,MIDI Files from Million Song Dataset,No,"created, recordings, synthesized",1450,"They were scraped from publicly-available sources on the internet, and then de-duped according to their MD5 checksum.","176,581 unique MIDI files",N/A,N/A,CREATED,FALSE,TRUE,,
6,404;447;54;571;159;641,LibriLight,533,No,Speech,https://github.com/facebookresearch/libri-light,https://arxiv.org/abs/1912.07875,2019,Facebook/Meta,Yes,speech recognition,No,cross-collection; LibriVox + Librispeech,5000,Pulled from LibriVox; Librispeech,5000 hours and 1531 speakers,N/A,English,AUGMENTED,FALSE,FALSE,LibriSpeech,LibriVox.com
1,142,LibriMix,,No,Speech,https://github.com/JorisCos/LibriMix,https://arxiv.org/pdf/2005.11262,2020,N/A,Yes,speech speration,No,cross-collection; WHAM + Librispeech,212,Pulled from Librispeech and WHAM,212 hours,N/A,English,AUGMENTED,FALSE,FALSE,"WHAM, Librispeech",
12,53; 61; 95; 142; 160; 451; 456; 464; 551; 572; 641; 142,LibriSpeech,6136,No,Speech,https://www.openslr.org/12,https://ieeexplore.ieee.org/document/7178964,2015,N/A,Yes,ASR,No,cross-collection; Project Gutenberg+ LibriVox (website),1000,LibriVox and Project Gutenberg,hundreds of hours of read audibooks,N/A,English,CREATED,FALSE,TRUE,,LibriVox.com; gutenberg.org
4,429;443; 142;159,LibriSpeech (Multilingual - MLS),259,No,Speech,https://www.openslr.org/94/,https://arxiv.org/abs/2012.03411,2020,N/A,Yes,multilingual ASR,Yes,cross-collection; Project Gutenberg + LibriVox (website),44.5,LibriVox and Project Gutenberg,"audiobook recordings; ""about 44.5K hours of English and a total of about 6K hours for other languages""",audiobooks,Multilingual,CREATED,FALSE,TRUE,,LibriVox.com; gutenberg.org
9,415;447;27;54;67;564;567;467;159,LibriTTS,722,No,Speech,https://www.openslr.org/60/; https://www.openslr.org/141/,https://arxiv.org/pdf/1904.02882; https://arxiv.org/abs/2305.18802,2019,Google,Yes,text-to-speech,No,"Librispeech, subset; ==> cross-collection; Project Gutenberg + LibriVox (websites)",585,"LibriSpeech subset; mp3 audio files from LibriVox and text files from Project Gutenbergof the LibriSpeech corpus""",585 hrs of speech,audiobooks,English,AUGMENTED,FALSE,FALSE,Librispeech,
9,415;458;86;48;54;65;565; 174; 175,LJSpeech,923,No,Speech,https://keithito.com/LJ-Speech-Dataset/,N/A,2017,N/A,Yes,speech; transcription,No,readings from LibriVox,24,LibriVox,"13,100 short audio clips; around 24 hrs",non-fiction books,English,AUGMENTED,FALSE,FALSE,,librivox.com
2,85; 415,M4Signer,42,No,Music,https://m4singer.github.io/,https://proceedings.neurips.cc/paper_files/paper/2022/file/2de60892dd329683ec21877a4e7c3091-Paper-Datasets_and_Benchmarks.pdf,2022,Huawei,Yes,singing voice synthesis (SVS),No,"created, recordings",29.77,"vocalist recordings of notes, scales, etc + phoneme-to-score alignment","29.77 hours of high-quality, a cappella Mandarin singing recorded by 20 professional singers in all four vocal ranges (soprano, alto, tenor, and bass), including fine-grained phoneme-to-audio alignments and manual scores for each recording to support pitch modeling based on musical scores.",N/A,Mandarin,CREATED,FALSE,TRUE,,
1,175,MACS,29,No,Sounds,https://zenodo.org/records/5114771,https://arxiv.org/abs/2104.04214,2021,N/A,Yes,Audio captions of sounds,No,"subset, TAU",10.9,a subset of TAU Urban Acoustic Scenes 2019 annotated,3930 10-second files,N/A,N/A,AUGMENTED,FALSE,FALSE,TAU,
4,26; 52; 140; 163,MAESTRO,473,No,Music,https://magenta.tensorflow.org/datasets/maestro,https://arxiv.org/abs/1810.12247,2019,Google,Yes,music generation,No,"created, recordings, synthesized",172,MIDI and audio edited files of virtuosic piano performances,172 hours of piano music,MIDI Piano,N/A,CREATED,FALSE,TRUE,,
5,6; 71; 127; 150; 153,MagnaTagATune,204,No,Music,https://mirg.city.ac.uk/codeapps/the-magnatagatune-dataset,https://ismir2009.ismir.net/proceedings/OS5-5.pdf,2009,N/A,Yes,Audio tagging,No,crowdsourced; annotations; audio found on magnatune.com,136.8,Excerpts of original work released by numerous artists under,"16,389 clips, 30s",Multi,N/A,CREATED,TRUE,TRUE,,magnatune.com
1,405,Mandarin Chinese CS,0,No,Speech,https://glossdiff.github.io/,https://arxiv.org/pdf/2404.19277,2024,N/A,Yes,scarcity of mandarin cued speech data,Yes,"created, recordings, synthesized",5.5,Created by making text prompts and filiming videos of people saying it,4000 sentences (4 cuers x 1000 sentences),N/A,Mandarin,CREATED,FALSE,TRUE,,
1,562,Mandarin-UTI,0,No,Speech,N/A,https://arxiv.org/abs/2403.05820,2020,N/A,No,articulatory inversion,No,crowdsourced; content,6.5,submitted recordings,6.5 hrs of speech,N/A,Mandarin,CREATED,FALSE,TRUE,,
1,65,MAPS,62,No,Music,https://adasp.telecom-paris.fr/,https://inria.hal.science/inria-00544155/PDF/publication-205.pdf,2010,N/A,Yes,Multipitch estimation,No,"created, recordings",65,Recorded piano files,65 hours of piano,Piano,N/A,CREATED,FALSE,TRUE,,
1,579,MEAD,207,No,Speech,https://wywu.github.io/projects/MEAD/MEAD.html,https://wywu.github.io/projects/MEAD/support/MEAD.pdf,2020,N/A,Yes,talking face generation,No,"created, recordings",40,colection of 60 actors,40 hrs; Eight different emotions at three different intensity levels,N/A,English,CREATED,FALSE,TRUE,,
2,122; 58,Medley-solos-db,513,No,Music,https://zenodo.org/records/1344103,https://arxiv.org/pdf/1605.06644,2018,Bittner,Yes,musical instrument recognition,No,cross-collection; MedleyDB + solosDB,17.9,"monophonic, solo instruments audio recordings","3s audio clips, extracted from the MedleyDB and solosDB dataset, monophonic, eight instruments: clarinet, distorted electric guitar, female singer, flute, piano, tenor saxophone, trumpet, or violin.",Instrumental,N/A,AUGMENTED,FALSE,FALSE,"MedleyDB, solosDB",
4,1;122; 60; 174,MedleyDB,466,No,Music,https://medleydb.weebly.com/,https://rachelbittner.weebly.com/uploads/3/2/1/8/32182799/bittner_ismir_2014.pdf,2014,N/A,Yes,Melody extraction,No,"scraped songs, then annotated",7.7,Free music libraries,122 songs - Melody annotated music,Multi,N/A,CREATED,FALSE,FALSE,,
3,411;61; 175,MELD,961,No,Speech,https://affective-meld.github.io/,https://arxiv.org/pdf/1810.02508,2018,Rada Mihalcea,Yes,Emotion Recognition,No,"TV show, Friends",18,"""about 13,000 utterances from 1,433 dialogues from the TV-series Friends""","around 10,000 utterances",sitcom?,English,SCRAPED,TRUE,FALSE,,TV show
1,155,MIDI database,153,No,Music,https://www.jneurosci.org/content/39/47/9397/tab-figures-data,https://www.ncbi.nlm.nih.gov/pmc/articles/PMC6867811/,2019,N/A,Upon Request,Understanding music enjoyment,No,"created, recordings",0.5,"Created specific dataset to include songs that are ""surprising"" and labelled with experimental results","57 audio files, liking ratings from 44 subjects",Mix,N/A,CREATED,FALSE,TRUE,,
4,1;86; 142;159,Million Song Dataset,1768,No,Music,http://millionsongdataset.com/,https://ismir2011.ismir.net/papers/OS6-1.pdf,2011,N/A,Yes,Encourage music research,No,metadata; annotations; 7digital.com,50000,Medatadata and audio analysis through old API,"1,000,000 songs features and metadata files",Popular music,Unknown,CREATED,TRUE,TRUE,,7digital.com
1,142,MIT IR,164,No,Sounds,N/A,https://www.pnas.org/doi/full/10.1073/pnas.1612524113,2016,N/A,Yes,human perception study,No,"TIMIT, subset",Unknown,Subset of TIMIT dataset augmented,Unknown contents,N/A,Not specified,AUGMENTED,FALSE,FALSE,TIMIT,
3,2;19; 174,MoisesDB,14,No,Music,https://github.com/moises-ai/moises-db,https://arxiv.org/pdf/2307.15913,2023,N/A,Yes,Music source separation,No,"created, recordings",14,Recorded and released for research purposes,240 tracks; 14+ hours,Diverse,N/A,CREATED,FALSE,TRUE,,
1,89,MSED-4k-10percent-training,1,No,Music,https://zenodo.org/records/8021695,https://arxiv.org/pdf/2401.02566,2022,N/A,Yes,musical shape classification,No,"created, recordings",2.3,piano audio recordings,4116 high-quality piano recordings in 28 classes of musical shapes;,N/A,N/A,CREATED,FALSE,TRUE,,
1,175,MSP-Podcast,302,No,Speech,https://paperswithcode.com/dataset/msp-podcast,https://ieeexplore.ieee.org/document/8003425,2017,N/A,Yes,speech emotion detection,No,"podcasts, public domain",100,"62,140 speaking turns (100hrs) + annotations",100 hours,N/A,English,SCRAPED,FALSE,FALSE,,
7,90;30;61;66; 71; 564; 153,MTG Jamendo,148,No,Music,https://mtg.github.io/mtg-jamendo-dataset/,https://repositori.upf.edu/bitstream/handle/10230/42015/bogdanov_ICML2019__Jamendo.pdf?sequence=1&isAllowed=y,2019,N/A,Yes,music tagging,No,crowdsourced; annotations; Jamendo,2750,royalty free music snippets + user annotations,"55,000 full audio tracks with 195 tags from genre, instrument, and mood/theme categories","Diverse (western), balanced",N/A,CREATED,FALSE,TRUE,,jamendo.com
1,401,MuAViC,16,No,Speech,https://github.com/facebookresearch/muavic,https://arxiv.org/abs/2303.00628,2023,Meta,Yes,Multi-lingual speech recognition,No,TED talks,1200,"Extracted from TED and TEDx talk recordings,",1200 hours; multilingual audio-visual corpus,N/A,"English, Arabic, German, Greek, Spanish, French, Italian, Portuguese, and Russian",SCRAPED,TRUE,FALSE,,ted.com
1,71,Musan dataset,1337,No,Music; Speech; Sounds,https://www.openslr.org/17/,https://arxiv.org/abs/1510.08484,2015,N/A,Yes,"Voice activity detection, music/speech discrimination",No,"speech from senate archives, political speeches, and librivox, music from a bunch of websites includingjamendo, FMA",109,CC licensed or public domain sources,109 hours of audio,N/A,N/A,AUGMENTED,TRUE,FALSE,,"Librivox.com, jamendo.com, freemusicarchive.org; Incompetech; Internet Archive; Missouri Channel"
9,1;2;19;22;137; 160; 172; 174;564,MUSDB18,282,No,Music,https://zenodo.org/records/1117372,https://zenodo.org/records/1117372,2017,N/A,Yes,Music source separation,No,"DSD, subset",7.5,Free music libraries,150 songs,Multi,N/A,AUGMENTED,FALSE,FALSE,DSD,
1,160,MUSIC,556,No,Music,http://sound-of-pixels.csail.mit.edu/,https://arxiv.org/abs/1804.03160,2018,N/A,Yes,Multimodal Sources of Instrument Combinations,No,Youtube,17.125,Scraped from YouTube,685 untrimmed videos of musical solos and duets,N/A,N/A,SCRAPED,TRUE,FALSE,,Youtube
1,639,Music4All,38,No,Music,https://sites.google.com/view/contact4music4all,https://drive.google.com/file/d/1I8Yl4eq8LVrW37QFz3_80MIRVrTmItad/view,2020,N/A,Upon Request,rec system,No,Spotify; annotations,910.575,spotify metadata of songs + users,"15,602 anonymous users + listening histories, 109,269 songs w/ audio clips, lyrics, 16 other metadata/attributes",N/A,N/A,SCRAPED,FALSE,FALSE,,Spotify
9,77;123; 53; 142; 153; 168; 196; 170; 174,MusicCaps,329,No,Music,https://www.kaggle.com/datasets/googleai/musiccaps,https://arxiv.org/abs/2301.11325,2023,Google,Yes,music generation,No,"AudioCaps, subset (which is subset of AudioSet)",15.3,subset of audioset focused on music,"5,521 music examples, each of which is labeled with an English aspect list and a free text caption written by musicians, The labeled examples are 10s music clips from the AudioSet dataset (2,858 from the eval and 2,663 from the train split).",Diverse (western),English,AUGMENTED,TRUE,FALSE,AudioCaps,
2,142; 153,MusicNet,226,No,Music,https://zenodo.org/records/5120004#.YXDPwKBlBpQ,https://arxiv.org/pdf/1611.09827,2016,N/A,Yes,ML music research,No,public domain; european archive,34,"European Archive, the Isabella Stewart Gardner Museum, Musopen, and various artists’ collections",34 hours,Classical,N/A,SCRAPED,FALSE,FALSE,,
1,128,MuVi-Syn,3,No,Music,https://github.com/AMAAI-Lab/Video2Music,https://arxiv.org/pdf/2311.00968,2023,N/A,Yes,generating music for videos,No,vevo (website),37,Music Videos,748 music videos,Many,Not specified,SCRAPED,TRUE,FALSE,,vevo.com
1,128,MVDB,,No,Music,https://zenodo.org/records/4542796#.YCxqhWgzaUk,https://www.semanticscholar.org/reader/1048920dfc502451a840904b67a73ab20bab198c,2021,N/A,Yes,music video emotion classification,Yes (mentioned as an issue other datasets have),Youtube,2,Music Videos,5743 music video segments,Many,Not specified,SCRAPED,TRUE,FALSE,,Youtube
1,18,NES-VMDB,0,No,Music,https://github.com/rubensolv/nes-vmdb,https://arxiv.org/pdf/2404.04420,2024,N/A,Yes,Video game music generation,No,Youtube,412.25,Scraped from YouTube and cleaned,"5,278 music pieces from 397 NES",Video game,N/A,SCRAPED,TRUE,FALSE,,Youtube
4,124;61;639; 175,NSynth,708,No,Music,https://magenta.tensorflow.org/datasets/nsynth,https://arxiv.org/abs/1704.01279,2017,Google,Yes,music generation,No,"created, recordings",169.988333,"monophonic, multi-note 16kHz audio snippets","305,979 musical notes, each with a unique pitch, timbre, and envelope for 1,006 instruments",Instrumental,N/A,CREATED,FALSE,TRUE,,
1,85,NUS-48E,115,No,Music,N/A,https://web.archive.org/web/20140714171246id_/http://dzy0451.github.io/papers/NUS-48E.pdf,2014,n/a,Unclear,singer phoneme detection,No,"created, recordings",2.5,sung recordings + phoneme annotations,"169-min collection of audio recordings of the sung and spoken lyrics of 48 (20 unique) English songs by 12 subjects and a complete set of transcriptions and duration annotations at the phone level for all recordings of sung lyrics, comprising 25,474 phone instances",Pop,English,CREATED,FALSE,TRUE,,
1,445,OneMin-32,3,No,Speech,N/A,https://arxiv.org/abs/2404.10667,2024,Microsoft,No,generated talking face evaluation,Yes,VoxCeleb; subset + added content,0.5,snippets from coaching sessions and lectures,32 1-minute clips of 17 individuals,N/A,English?,AUGMENTED,TRUE,FALSE,VoxCeleb,
5,415; 70; 564;159; 173,OpenCPOP,63,No,Music,https://wenet.org.cn/opencpop/,https://arxiv.org/pdf/2201.07429,2022,N/A,Yes,singing voice synthesis,No,"created, recorded",5.2,100 songs recorded by professional female singer,100 songs; 5.2 hrs,Popular music,Mandarin,CREATED,FALSE,TRUE,,
2,639;564,Openmic,97,No,Music,https://zenodo.org/records/1432913,https://archives.ismir.net/ismir2018/paper/000248.pdf,2018,"Spotify, MARL",Yes,Multiple Instrument Recognition,No,Free Music Archive (FMA) --> dataset,55.5555556,"20,000 examples of Creative Commons-licensed music from Free Music Archive","20k 10s excerpts, partially labeled for the presence or absence of 20 instrument classes by annotators on a crowd-sourcing platfor.",N/A,N/A,AUGMENTED,FALSE,FALSE,Free Music Archive,
2,415;159,OpenSinger,72,No,Music,https://multi-singer.github.io/,https://arxiv.org/pdf/2112.10358,2021,N/A,Yes,singing voice synthesis,No,recorded,80,recordings of professional singers,80 hrs,Popular music,Mandarin,CREATED,FALSE,TRUE,,
1,122,OrchideaSOL,30,No,Music,https://zenodo.org/records/3686252,https://arxiv.org/abs/2007.00763,2020,IRCAM,Yes,music accompaniment; music generation,No,"created, recordings",7.3694444,"monophonic, multinote 44.1khz music snippets + instrumentation annotations","13265 samples, each containing a single musical note from one of 14 different instruments",Instrumental,N/A,CREATED,FALSE,TRUE,,
1,407,PASV (Professional and Amateur Singing Voice dataset),0,No,Music,http://www.isophonics.net/SingingVoiceDataset,https://arxiv.org/pdf/2404.19187,2024,N/A,No,"""Novel task"" created dataset for singing beautification",No,"original, recorded",42,collect professionally recorded songs and songs from amateur singers,42hr; 400 Mandarin and English pop songs,Popular music,Mandarin; English,CREATED,FALSE,TRUE,,
1,415,PJS,19,No,Music,https://sites.google.com/site/shinnosuketakamichi/research-topics/pjs_corpus?pli=1,http://www.apsipa.org/proceedings/2020/pdfs/0000487.pdf,2020,N/A,Yes,singing voice synthesis,No,recorded,0.5,composed and recorded Japanese songs,"""The recording of the singing voice was 27.20 minutes long (18.68 minutes in voiced segments), and the recording of the speaking voice was 12.09 minutes long.""",N/A,Japanese,CREATED,FALSE,TRUE,,
3,86;168; 169,Pond5,N/A,Yes,Music; Sounds,https://www.pond5.com/?campaignid=10149447026&gad_source=1&gclid=Cj0KCQjw9vqyBhCKARIsAIIcLMHoXiX_gqkt18Wa-OV9p7qSid9s1NIuZoNXwvmS1omWPRINXhZjmQEaAp58EALw_wcB,N/A,N/A,N/A,Yes,Ausic library and stock audio web site -- make $,No,marketplace; pond5.com,N/A,Online marketplace,Online marketplace,N/A,N/A,MARKETPLACE,FALSE,TRUE,,pond5.com
4,60;138;147; 152,POP909,116,No,Music,https://github.com/music-x-lab/POP909-Dataset,https://arxiv.org/abs/2008.07142,2020,N/A,Yes,Music arrangement generation,No,"created, recordings",45.45,Hired musicians to create piano arrangements,909 arrangements of popular songs,Pop,N/A,CREATED,FALSE,TRUE,,
1,415,PopCS,188,No,Music,https://huggingface.co/spaces/Silentlin/DiffSinger/blob/763ca1e1a7a92b8590aeafb592f6bcf520c95511/docs/README-SVS-popcs.md,https://arxiv.org/pdf/2105.02446,2022,N/A,No (planned to but hasn't happened yet; see https://github.com/MoonInTheRiver/DiffSinger/issues/2),singing voice synthesis,No,original recordings of existing pop songs,6,"""117 Chinese pop songs (total ∼5.89 hours with lyrics) collected from a qualified female vocalist""",117 covers; 5.89 hrs,Popular music,Mandarin,CREATED,FALSE,TRUE,,
1,638,PriMock57,19,No,Speech,https://github.com/babylonhealth/primock57,https://aclanthology.org/2022.acl-short.65/,2022,N/A,Yes,Automatic Speech Recognition,Sort of? To address lack of medical-centered speech datasets,"created, recordings",8.5,"recorded by authors, mock primary care consultation audio recordings","8.5 hr 57 mock medical primary care consultations held over 5 days by 7 Babylon clinicians and 57 Babylon employees acting as patients, using case cards with presenting complaints, symptoms, medical & general history etc.",N/A,English,CREATED,FALSE,TRUE,,
1,159,PromptSpeech,44,No,Speech,https://speechresearch.github.io/prompttts/,https://ieeexplore.ieee.org/abstract/document/10096285?signout=success,2023,N/A,Yes,Prompt TTS dataset,No,"created, recordings, synthesized, vague",260,"""Synthesized and constructed"" but no other details","160,124 synthesized clips and 27,893 real clips",N/A,English,CREATED,FALSE,TRUE,,
1,27,RealEdit,1,No,Speech,https://huggingface.co/datasets/pyp1/VoiceCraft_RealEdit/tree/main,https://arxiv.org/pdf/2403.16973,2024,N/A,Yes,speech editing (challenging),No,"cross-collection, LibriTTS + GigaSpeech + Spotify podcasts",0.6,"original audio, original transcript, and edited audio from libriTTS, Gigaspeech (YT), and Spotify Podcast","310 utterances - 100 LibriTTS, 100 Gigaspeech, and 110 Spotify Podcast",N/A,English,AUGMENTED,TRUE,FALSE,LibriTTS; GigaSpeech; Spotify Podcast,
2,56;137,RWC-POP100,918,No,Music,https://staff.aist.go.jp/m.goto/RWC-MDB/,https://www.researchgate.net/publication/220723431_RWC_Music_Database_Popular_Classical_and_Jazz_Music_Databases,2002,N/A,Yes,Commonly available music DB.,No,"created, recordings",5,Recorded,"100 real-recording pop songs with MIDI, chord, and beat annotations",N/A,N/A,CREATED,FALSE,TRUE,,
1,442,SEP-28k,74,No,Speech,https://github.com/apple/ml-stuttering-events-dataset/,https://arxiv.org/pdf/2102.12394,2021,Apple (Jeff Bigham),Yes,stuttering detection,Yes (?),"cross-collection, FluencyBank + soundcloud + other websites, podcasts",23,excerpts from podcasts featuring hosts who stutter,"snippets from ~40 shows and 100s of hours of content; 28k clips 28,000 3-second",N/A,English,SCRAPED,TRUE,FALSE,FluencyBank,soundcloud.com;
3,86;168; 169,Shutterstock,N/A,Yes,Music; Sounds,shutterstock.com,N/A,N/A,N/A,Yes,Ausic library and stock audio web site -- make $,No,marketplace; shutterstock.com,N/A,Online marketplace,Online marketplace,N/A,N/A,MARKETPLACE,FALSE,TRUE,,shutterstock.com
7,2;103;30; 56; 60;138; 160,Slakh2100,112,No,Music,http://www.slakh.com/,https://arxiv.org/abs/1909.08494,2019,Ethan + Prem,Yes,Music source separation,No,"created, recordings, synthesized",145,Synthesized from Lakh MIDI Data,2100 tracks; 145 hours,Instrumental,N/A,CREATED,FALSE,TRUE,,
1,61,SLURP,168,No,Speech,https://github.com/pswietojanski/slurp,https://arxiv.org/abs/2011.13205,2020,N/A,Yes,spoken language understanding,No,"created, recordings",58,Recorded people saying audio lines,58 hours of speech utterances,N/A,English,CREATED,FALSE,TRUE,,
1,147,SOD / LOP,16,No,Music,https://qsdfo.github.io/LOP/database,https://arxiv.org/pdf/1810.08611#Hfootnote.1,2018,N/A,Yes,piano and orchestral prediction,No,MIDI,5.4,Not specified,392 MIDI files,Classical,N/A,CREATED,TRUE,TRUE,,
2,11;119,Song Describer Dataset,6,No,Music,https://zenodo.org/records/10072001,https://arxiv.org/abs/2311.10057,2023,N/A,Yes,Music research,No,"crowdsourced; annotations, subset, MTG Jamendopulled from Jamendo (royalty free)",23.4,crowdsourced corpus of high-quality audio-caption pairs,"706 music recordings, up to 2 min",N/A,N/A,CREATED,FALSE,TRUE,MTG-Jamendo,
1,44,SongCompose-PT,2,No,Music,N/A,https://arxiv.org/pdf/2402.17645,2024,N/A,No,Paired lyrics and melodies for music generation,No,cross-collection; lyrics+Spotify data,1041.666667,Used Lahk Midi + 80k scraped,"125,000 MIDI entries",N/A,English; Chinese,SCRAPED,TRUE,FALSE,,Spotify API
1,175,SoundDesc,73,No,Sounds,https://github.com/akoepke/audio-retrieval-benchmark,https://arxiv.org/abs/2112.09418,2022,N/A,Yes,Audio retrieval,No,BBC Sound Effects (website),1060,Sourced from BBC Sound Effects webpage,"1060.40 hours - 32,979 audio files",N/A,N/A,SCRAPED,FALSE,FALSE,N/A,BBC sound effects
1,366,Speech Commands V2,1546,No,Speech,https://huggingface.co/datasets/google/speech_commands,https://arxiv.org/pdf/1804.03209,2018,Google,Yes,speech recognition,No,"created, recordings",616,Recordings via web app,105829 utterances of 35 words,N/A,English,CREATED,FALSE,TRUE,,
1,422,SpeechDat,97,Yes,Speech,https://catalogue.elra.info/en-us/repository/browse/ELRA-S0070/,https://www.computer.org/csdl/proceedings-article/icassp/1997/79191771/12OmNro0Ibs,1997,N/A,Yes,speech recognition,Yes?,"created, recordings, telephone",50.5,Swedish phone calls,recordings from 1000 speakers,N/A,Swedish,CREATED,FALSE,TRUE,,
1,443,SpeechGLUE,5,No,Speech,https://github.com/ashi-ta/speechGLUE,https://arxiv.org/pdf/2306.08374,2023,NTT,Yes,speech language understanding,No,synthesized; GLUE,N/A,Speech version of GLUE benchmark,Unspecified GLUE's natural language understanding tasks (in speech/audio form),N/A,English,CREATED,FALSE,TRUE,GLUE,
1,423,SpeechIO,N/A,No,Speech,https://github.com/SpeechColab/Leaderboard,N/A,2024,N/A,Yes,speech recognition,No,n/a,60.2,a number of ASR datasets,26 ASR test sets; 60.2 hrs total,N/A,"English, Mandarin",-,FALSE,FALSE,,
1,443,SpeechXNLI,0,No,Speech,https://zenodo.org/records/10900287,https://arxiv.org/pdf/2404.10922,2024,N/A,Yes,speech language understanding,No,"created, synthesized, XNLI subset",N/A,Speech version of XNLI benchmark,Unspecificed XNLI's natural language inference tasks (in speech/audio form),N/A,English,CREATED,FALSE,TRUE,XNLI,
1,547,SpokeN-100,0,No,Speech,https://github.com/ankilab/SpokeN-100,https://arxiv.org/abs/2403.09753,2024,N/A,yes,Cross-Lingual Benchmarking,Yes,"created, recordings",3.5,spoken numbers from 0 to 99 spoken by 32 different speakers,"12,800 audio samples.",N/A,"English, Mandarin, German and French",CREATED,FALSE,TRUE,,
1,27,Spotify Podcast Dataset,93,No,Speech,https://podcastsdataset.byspotify.com/,https://aclanthology.org/2020.coling-main.519.pdf,2020,Spotify,"Yes, no longer accessible",passage search and summarization,No,"Spotify, Podcasts",100000,"podcasts hosted on spotify, released by spotify","100,000 spotify podcasts",N/A,English and Portugese,CREATED,TRUE,FALSE,,Spotify
1,427,StoryTTS,0,No,Speech,https://goarsenal.github.io/StoryTTS/,https://arxiv.org/abs/2404.14946,2024,N/A,Yes,text-to-speech,No,from a storyteling show,60.9,from storytelling showrecordings of a story with 160 chapters;,160 chapters; 60.9 hrs (64 including breaks),N/A,Mandarin,SCRAPED,FALSE,FALSE,,
2,95;641,Switchboard (SWBD),182,No,Speech,https://catalog.ldc.upenn.edu/LDC97S62,N/A,1997,N/A,Yes,speaker recognition/ID,No,"created, recordings, telephone",200,audio recordings of phone calls,"2400 two-sided telephone conversations among 543 speakers (302 male, 241 female) from all areas of the United States",N/A,English,CREATED,FALSE,TRUE,,
1,7,Synthesized-ComMU,0,No,Music,https://github.com/spear011/SCM-Dataset,https://arxiv.org/pdf/2404.13286,2023,N/A,Yes,Track role prediction,No,"created, recordings, synthesized",3.47,Synthesized MIDI samples,500 samples,Instrumental,N/A,CREATED,FALSE,TRUE,,
1,15,Tabla taala dataset,0,No,Music,https://www.kaggle.com/datasets/pranav6670/tabla-taala-dataset,https://arxiv.org/pdf/2404.05765,2024,N/A,Yes,Indian music generation,No,"created, recordings, synthesized",3.9,MIDI pipeline to generate it,561 short pieces of Tabla loops,Instrumental,N/A,CREATED,FALSE,TRUE,,
1,142,TAU2020,112,No,Sounds,https://zenodo.org/records/3670167,https://arxiv.org/abs/2006.01919,2020,N/A,Yes,classification,No,"created, public area recordings",64,Microphones recording in public locations,64 hours of audio,N/A,Not specified,CREATED,FALSE,TRUE,,
1,581,TCD-TIMIT,256,No,Speech,https://sigmedia.tcd.ie/,https://ieeexplore.ieee.org/document/7050271,2015,N/A,Yes,Audio-visual speech recognition,No,"TIMIT, subset",23,62 speakers audio and video footage,6913 phonetically rich sentences,N/A,English,AUGMENTED,FALSE,FALSE,TIMIT,
2,421;551,Ted-Lium 3 (TL3),305,No,Speech,https://www.openslr.org/51/,https://arxiv.org/pdf/1805.04699,2019,N/A,Yes,speech recognition,No,TED talks,452,TED Conference videos,2351 talks; 452 hrs,N/A,English,SCRAPED,TRUE,FALSE,,ted.com
1,469,THCHS,259,No,Speech,https://www.openslr.org/18/,https://arxiv.org/pdf/1512.01882,2002,N/A,Yes,Automatic Speech Recognition,No,"created, recordings",30,Recording in studio,30 hrs of audio from 30 speakers,N/A,Mandarin,CREATED,FALSE,TRUE,,
1,569,This American Life (TAL),N/A,No,Speech,https://www.thisamericanlife.org/archive,N/A,2024,N/A,Yes,archival,No,Podcast; specific,832,All TAL podcast episodes links,832 hours,N/A,English,SCRAPED,TRUE,FALSE,,thisamericanlife.org/
1,452,THQ-A,1,No,Speech,https://github.com/zyj-2000/THQA,https://arxiv.org/pdf/2404.09003,2024,N/A,Yes,talking head quality assessment,No,cross-collection; CommonVoice + Imagegan,1.11,Speech samples from Common Voice and images generated by StyleGAN,800 videos,N/A,English?,AUGMENTED,FALSE,FALSE,"CommonVoice, ImageGAN",
1,160,TIMIT,3656,Yes,Speech,https://catalog.ldc.upenn.edu/LDC93S1,https://cir.nii.ac.jp/crid/1571135651331964544,1993,N/A,Yes,Speech data,No,"created, recordings",5,Recorded,approximately five hours of English speech along with time-aligned transcriptions,N/A,English,CREATED,FALSE,TRUE,,
1,542,Trinity,130,No,Speech,https://trinityspeechgesture.scss.tcd.ie/data/,https://dl.acm.org/doi/10.1145/3267851.3267898,2023,N/A,Yes,Speech to estimate body position,No,"created, recordings",4,Motion and audio capture of a male native English speaker producing spontaneous speech on different topics.,244 minute of speech and body movement,N/A,English,CREATED,FALSE,TRUE,,
1,47,TRIOS,38,No,Music,Broken Link,https://www.atiam.ircam.fr/Archives/Stages1112/FRITSCH.pdf,2012,N/A,Yes,separation of musical audio sources in monophonic mixtures,No,"created, recordings, annotations, synthesized",0.05,Author played classicial music and annotated it,4 classical music trio passages and 1 jazz trio passage,Classical,N/A,CREATED,FALSE,TRUE,,
2,61; 142,TUT,571,No,Sounds,https://www.tuni.fi/sgn/arg/dcase2017,https://homepages.tuni.fi/tuomas.virtanen/papers/dcase-2017-challenge-paper.pdf,2017,N/A,Yes,Acoustic scene classification,No,"created, public area recordings",24,Microphones recording in european cities,"24 Hours of specific acoustic sounds (train, tram, etc)",N/A,N/A,CREATED,FALSE,TRUE,,
1,582,UASpeech,360,No,Speech,http://www.isle.illinois.edu/sst/data/UASpeech/,https://www.isca-archive.org/interspeech_2008/kim08c_interspeech.pdf,2008,N/A,Yes,Dysarthia Prediction,No,"created, recordings",0.11,"15 dysarthric subjects, 13 healthy","100 common words, 300 uncommon words",N/A,English,CREATED,FALSE,TRUE,,
1,572,UME-ERJ,54,No,Speech,https://research.nii.ac.jp/src/en/UME-ERJ.html,N/A,2002,N/A,Yes,language learning,No,"created, recordings",0.27,"202 speakers; 100 males, 102 females","490 phonetically balanced sentences, also 300 phonetically balanced words",N/A,English; Japanese,CREATED,FALSE,TRUE,,
3,413;366;639,Urbansound8k,1458,No,Sounds,https://urbansounddataset.weebly.com/urbansound8k.html,https://www.justinsalamon.com/uploads/4/3/9/4/4394963/salamon_urbansound_acmmm14.pdf,2014,N/A,Yes,urban sound classification,No,Freesound.org,8.75,Freesound,8.75 hrs,N/A,N/A,SCRAPED,FALSE,FALSE,,Freesound.org
3,47; 62; 173,URMP,170,No,Music,https://datadryad.org/stash/dataset/doi:10.5061/dryad.ng3r749,https://ieeexplore.ieee.org/document/8411155,2018,N/A,Yes,audio-visual analysis of music performances,No,"created, recordings, synthesized",2.2,They selected pieces then hired musicians to record them,"44 classical music pieces arranged for string, woodwind, and brass instruments",Classical,N/A,CREATED,FALSE,TRUE,,
14,415;402;406;431;447;453;85;48;65;564;565;467; 160; 174,VCTK,767,No,Speech,https://datashare.ed.ac.uk/handle/10283/2950,https://ieeexplore.ieee.org/abstract/document/6709856/; https://www.semanticscholar.org/paper/CSTR-VCTK-Corpus%3A-English-Multi-speaker-Corpus-for-Yamagishi-Veaux/df40f83f5420f73b22562f3554e1e3bd4a5c1ef5,2012,N/A,Yes,voice cloning; text-to-speech,No,"created, synthesized; read from newspapers",44,English speech data by speakers with different accents from reading newspaper excerpts,recordings from 109 native speakers; around 400 sentences each; around 44 hrs,N/A,English,CREATED,FALSE,TRUE,,
7,1;3;413;86;61; 169; 639,VGGSound,425,No,Sounds,https://www.robots.ox.ac.uk/~vgg/data/vggsound/,https://arxiv.org/abs/2004.14368;,2020,N/A,Yes,Audio recognition models,No,Youtube,550,Youtube scraping,"550 hours of 200,000+ videos",N/A,N/A,SCRAPED,TRUE,FALSE,,Youtube
1,463,VietMed,0,No,Speech,https://github.com/leduckhai/multimed,https://arxiv.org/pdf/2404.05659,2024,N/A,Yes,Automatic Speech Recognition,Yes,Youtube,1000,Scraped from YouTube but claims that its fair use?,1000hrs of unlabeled medical speech and 1200hrs of labelled general speech,N/A,Vietnamese,SCRAPED,TRUE,FALSE,,Youtube
2,85; 160,VocalSet,103,No,Music,https://zenodo.org/records/1193957,http://ismir2018.ircam.fr/doc/pdfs/114_Paper.pdf,2018,Prem;Bryan;IAL,Yes,create larger singer dataset for MIR research,No,"created, recordings",10.1,"vocalist recordings of notes, scales, etc",10.1 hours of monophonic recorded audio of professional singers demonstrating both standard and extended vocal techniques on all 5 vowel,N/A,English,CREATED,FALSE,TRUE,,
1,61,VocalSound,23,No,Sounds,https://github.com/yuangongnd/vocalsound,https://arxiv.org/abs/2205.03433,2022,N/A,Yes,Human vocal sounds recognition,No,crowdsourced; content,29.1,Crowdsourced recordings through MTurk,"21,000 recordings of human sounds (laughter, coughs, sneezes)",N/A,N/A,CREATED,FALSE,TRUE,,
7,142;366;584;401;445;61;578,VoxCeleb,4711,No,Speech,https://www.robots.ox.ac.uk/~vgg/data/voxceleb/,https://www.sciencedirect.com/science/article/pii/S0885230819302712,2018,N/A,Yes,Audio-visual speaker recognition dataset,Yes,Youtube,2400,audio-visual dataset of human speech,"2400 hours; 1,000,000 utterances by 7000+ celebrities",N/A,Multilingual?,SCRAPED,TRUE,FALSE,,Youtube
1,366,VoxForge,N/A,No,Speech,https://www.voxforge.org/home,N/A,2018,N/A,Yes,speech recognition,No,crowdsourced; content,300,Submitted recordings,Approximately 20000 audio files,N/A,"(6) English, Spanish, French, German, Russian, Italian",CREATED,FALSE,TRUE,,
2,443;551,VoxPopuli,358,No,Speech,https://github.com/facebookresearch/voxpopuli,https://aclanthology.org/2021.acl-long.80/,2021,Meta,Yes,multilingual speech representation learning,Yes,public domain; EU website,400000,European parliament event recordings,400K hours of unlabelled speech data for 23 languages; 1.8K hours of transcribed speech data for 16 languages; 17.3K hours of speech-to-speech interpretation data for 15x15 directions; 29 hours of transcribed speech data of non-native English intended for research in ASR for accented speech (15 L2 accents),N/A,"Multilingual (23); Bulgarian (Bg), Czech (Cs), Croatian (Hr), Danish (Da), Dutch (Nl), English (En), Estonian (Et), Finnish (Fi), French (Fr), German (De), Greek (El), Hungarian (Hu), Italian (It), Latvian (Lv), Lithuanian (Lt), Maltese (Mt), Polish (Pl), Portuguese (Pt), Romanian (Ro), Slovak (Sk), Slovene (Sl), Spanish (Es) and Swedish (Sv).",SCRAPED,FALSE,FALSE,,Official European Parliament Database
6,1;86; 142;159;639; 175,WavCaps,61,No,Sounds,https://github.com/XinhaoMei/WavCaps,https://arxiv.org/abs/2303.17395,2023,N/A,Yes,research in audio-language multimodal learning,No,cross-collection; FreeSound.org + BBC Sound Effects + SoundBible + AudioSet ,1666,Web sources and a sound event detection dataset,"large-scale weakly-labelled audio captioning dataset,~400k audio clips with paired captions",N/A,N/A,SCRAPED,TRUE,FALSE,,"freesound.org, BBC Sound Effects"
1,435,Wavefake,64,No,Speech,https://zenodo.org/records/5642694,https://arxiv.org/abs/2111.02813,2021,N/A,Yes,deepfake detection,No,"created, synthesized, cross-collection; LJSpeech + JSUT",196,sampled from NNs trained on LJSpeech and JSUT,"117,985 generated audio clips; 196 hrs",N/A,"English, Japanese",CREATED,FALSE,FALSE,LJSpeech; JSUT,
1,175,WavText5k,33,No,Sounds,https://github.com/microsoft/WavText5K,https://arxiv.org/abs/2209.14275,2022,Microsoft,Yes,Sound audio-text pairs,No,cross-collection; BigSoundBank 2 + SoundBible,25.5,sourced from two main website: BigSoundBank 2 and SoundBible,25.48 hr - 4348 audio-text pairs which have both description and title.,N/A,N/A,SCRAPED,FALSE,FALSE,N/A,"BigSoundBank.com, SoundBible.com"
1,160,Wham!,296,No,Speech,http://wham.whisper.ai/,https://www.arxiv.org/abs/1907.01160,2019,WhisperAI,Yes,Speech separation,No,cross-collection; public recordings + WSJ0,45,Collected samples in SF coffee shops and mixed them with WSJ0 corpous,"45 hours of 28,000 speech mixtures",N/A,English,AUGMENTED,FALSE,FALSE,WSJ0,
2,77;165,Wikifonia Lead-Sheet Dataset,38,No,Music,https://github.com/00sapo/OpenEWLD,https://dl.acm.org/doi/10.1145/3243274.3243301,2018,N/A,Yes,symbolic mir,No,"created, synthesized",250,leadsheet music,"leadsheet dataset of 5000 songs from Wikifonia, added in info from discogs, secondhandsongs, music21","Diverse (western), mostly Jazz, Pop, Roc",English,CREATED,FALSE,TRUE,,
3,421;428; 160,WSJ0,1737,Yes,Speech,https://catalog.ldc.upenn.edu/LDC93S6A,https://aclanthology.org/H92-1073/,1992,N/A,Yes,speech recognition,No,synthesized; read from newspaper; Wall Street Journal,400,WSJ excerpts and corresponding spoken recordings,400 hrs and 47M words (according to original paper),News?,English,CREATED,FALSE,TRUE,WSJ,
1,542,ZeroEGGS,49,No,Speech,https://github.com/ubisoft/ubisoft-laforge-ZeroEGGS,https://arxiv.org/pdf/2209.07556v2,2022,Ubisoft,Yes,Speech-driven gesture generation,No,"created, recordings",2.25,Recorded,134 minutes of speech and body movement,N/A,English,CREATED,FALSE,TRUE,,
1,469,Zeroth-Korean,N/A,No,Speech,https://www.openslr.org/40/,N/A,2018,N/A,Yes,Automatic Speech Recognition,Yes,"created, recordings",51.2,Unclear origins; probably created in studio,51.2 hrs of audio,N/A,Korean,CREATED,FALSE,TRUE,,